{"cameraMode":{"drawMode":0,"name":"Shaded","section":"Shading Mode"},"sceneLighting":true,"audioPlay":false,"sceneViewState":{"showFog":true,"showMaterialUpdate":false,"showSkybox":true,"showFlares":true,"showImageEffects":true,"showParticleSystems":true},"in2DMode":false,"pivot":{"x":-0.5653196573257446,"y":-0.0819338709115982,"z":5.503753185272217},"rotation":{"x":-0.2888827919960022,"y":0.4740947484970093,"z":-0.1681368201971054,"w":-0.8145617842674255},"size":23.739608764648439,"orthographic":false}